company name,Store name,Homepage URL,담당자명,연락처1,연락처2,이메일,사업자번호,비고
어스,쿠자 특가몰,https://smartstore.naver.com/kooza,,,,,7275300377,
좋은친구들,컴베스트,https://smartstore.naver.com/combest,,,,,5293500124,
제이케이인터내셔널,런던마녀,https://smartstore.naver.com/londonwitch,,,,,5011699934,
씨앤제이(C&J),CnJ,https://smartstore.naver.com/cnj,,,,,4111488557,
주식회사 더클라우드팩토리,더 클라우드 팩토리,https://smartstore.naver.com/thecloudfactory,,,,,2628100965,
오토몰,오토몰,https://smartstore.naver.com/automall,,,,,3121154235,
에이벡,벨로브로,https://smartstore.naver.com/abec,,,,,2121986336,
오에스컴페니,오에스캠핑,https://smartstore.naver.com/oscamping,,,,,1223530577,
슈바이민,슈바이민,https://smartstore.naver.com/shoezle00,,,,,1244756692,
스마트프라자,스마트프라자79,https://smartstore.naver.com/smartplaza79,,,,,6052584259,
아이카키즈카,아이카 키즈카,https://smartstore.naver.com/dgevshop,,,,,5100289753,
스트릿뱅크,텐데이즈,https://smartstore.naver.com/tendays,,,,,8973700152,
엠제이글로벌(MJ GLOBAL),위바이크,https://smartstore.naver.com/webike,,,,,4222201031,
에스,에스PC,https://smartstore.naver.com/zx3636,,,,,6052457774,
베스트툴,베스트툴,https://smartstore.naver.com/besttool09,,,,,6102473586,
에뜨르부티크,ETRE,https://smartstore.naver.com/zenizeni,,,,,8163900652,
시카밥 (Sicabob),시카밥의 셀렉숍,https://smartstore.naver.com/sicabob,,,,,4612500912,
동현테크,카페창업 DH MALL,https://smartstore.naver.com/coffeedhmall,,,,,1371674902,
주식회사 디에스샵(DS SHOP),씨게이트공인스토어,https://smartstore.naver.com/dsshop11,,,,,6568700333,
바쿠둘,바쿠둘,https://smartstore.naver.com/bakudul,,,,,2062222171,
영우컴퍼니 주식회사,캠핑리버,https://smartstore.naver.com/campingriver,,,,,4998601616,
센서티브,모니카현,https://smartstore.naver.com/monicahyeon,,,,,3600801606,
온스타일,온스타일79,https://smartstore.naver.com/onstyle79,,,,,1807200171,
엽옷이오,엽옷이오,https://smartstore.naver.com/yup77,,,,,6011262059,
퍼치스주식회사,퍼치스,https://smartstore.naver.com/decochshop,,,,,8938700645,
시너지(synergy corporation),시너지 파츠몰,https://smartstore.naver.com/synergyparts,,,,,1171477823,
오성토목,오성토목,https://smartstore.naver.com/tomok119,,,,,6070183167,
망나니즈 (MNNZ),망나니즈,https://smartstore.naver.com/mnnz,,,,,2063218429,
주식회사 루나볼트,루나볼트,https://smartstore.naver.com/lunavolt,,,,,3508601868,
"주식회사 룸에이(room a Co.,Ltd)",룸에이,https://smartstore.naver.com/room-a,,,,,1588701503,
유신사,유신사,https://smartstore.naver.com/usinsa,,,,,6312301006,
주마레아이와,메이레,https://smartstore.naver.com/kmgoods,,,,,1186000417,
생블랑,생블랑,https://smartstore.naver.com/sacblanc,,,,,5180200863,
오에스컴페니,오에스라이프,https://smartstore.naver.com/oslife,,,,,1223530577,
슬로우벨,슬로우벨,https://smartstore.naver.com/slowbell,,,,,6451601157,
씨엔 정보통신,중국구매대행 이지스샵,https://smartstore.naver.com/aegisshop,,,,,2210444919,
해쉬,해쉬주얼리,https://smartstore.naver.com/hash,,,,,5624600582,
위너에어시스템,위너 에어컨,https://smartstore.naver.com/airseller,,,,,1101544503,
옥산,OS퍼니처,https://smartstore.naver.com/osfurniture,,,,,1340736270,
빌드-업,빌드-업,https://smartstore.naver.com/build_up,,,,,3831801059,
좋은컴퓨터,좋은컴퓨터,https://smartstore.naver.com/gujo1,,,,,6506300377,
주식회사 디제이솔루션,더셀렉션,https://smartstore.naver.com/theselection,,,,,7098701131,
열린탁자,열린탁자,https://smartstore.naver.com/yltakja,,,,,5131492342,
야구인생,야구인생N,https://smartstore.naver.com/blifen,,,,,2953900364,
세이프디포,세이프디포,https://smartstore.naver.com/safedepot,,,,,1262993985,
에스에스유통,멀티오피스,https://smartstore.naver.com/multioffice,,,,,6071433503,
야수베이스볼,야수베이스볼,https://smartstore.naver.com/yasubaseball,,,,,6823200443,
월드 캐노피,월드캐노피,https://smartstore.naver.com/worldcanopy,,,,,1053490535,
제이케이인터내셔널,부산프리미엄아울렛,https://smartstore.naver.com/busanpremiumoutlet,,,,,5011699934,
종스바이크(Jong's Bike),종스바이크,https://smartstore.naver.com/jongs_bike,,,,,6762800460,
여준 글로벌,데니스네이처,https://smartstore.naver.com/dannysnature,,,,,8895800248,
연합써치,연합써치,https://smartstore.naver.com/zoavldaksla,,,,,1251812135,
옷방닷컴,옷방닷컴,https://smartstore.naver.com/otbbang,,,,,1163700524,
사운드앤뮤직 (SOUND N MUSIC),사운드앤뮤직,https://smartstore.naver.com/soundnmusic,,,,,1061127093,
온국민에어컨,온국민에어컨,https://smartstore.naver.com/airkorea,,,,,2102283013,
어썸어썸,어썸어썸,https://smartstore.naver.com/awesomeas,,,,,2154200091,
메르시-(Merci-),Merci-,https://smartstore.naver.com/acril,,,,,8901001454,
오르다인터내셔널,이주이몰,https://smartstore.naver.com/orda0419,,,,,1112193105,
오로르(AURORE),유이르무이,https://smartstore.naver.com/yuirmui,,,,,3610200646,
어썸 9 (AWESOME 9),Awesome9,https://smartstore.naver.com/v_awesome9,,,,,3581600948,
주식회사 골드테크,라라쥬얼리,https://smartstore.naver.com/rarajewelry,,,,,4818600163,
맨카인드신드롬,헤디슨생활연구소,https://smartstore.naver.com/hedison,,,,,7421201090,
엠피엠(MPM),베스트공구몰,https://smartstore.naver.com/mpm0811,,,,,2571400433,
시계하나,시계하나,https://smartstore.naver.com/watchhana,,,,,5131961387,
우리유피에스,우리유피에스,https://smartstore.naver.com/wooriups,,,,,2062753946,
오브이주식회사,오늘의빈티지,https://smartstore.naver.com/onuls,,,,,5698702610,
쁘띠로즈,쁘띠로즈,https://smartstore.naver.com/petiterose,,,,,8470901527,
사입언니,친절한 사입언니,https://smartstore.naver.com/sneakerseditor,,,,,5666900230,
위시포,위시쥬얼리,https://smartstore.naver.com/wishfor,,,,,4151204803,
써니데이,당일배송 종결자,https://smartstore.naver.com/sunnyday77,,,,,1404200477,
주식회사 리타미디어,아이리타몰,https://smartstore.naver.com/ileetamall,,,,,1208823440,
시에스타,토도월드,https://smartstore.naver.com/todo-world,,,,,1091140076,
빅토리샵,Victory Shop,https://smartstore.naver.com/victoryhwang,,,,,2056162091,
모미지재팬 스토어,모미지스토어,https://smartstore.naver.com/momijistore,,,,,6521002225,
스테이리프,스테이리프,https://smartstore.naver.com/stayleaf,,,,,6323201113,
엠에스컴퍼니,필 쏘 굳,https://smartstore.naver.com/feelsogood0614,,,,,4551401360,
유비아,유비아가구,https://smartstore.naver.com/ubia,,,,,1283722399,
수원악기,수원악기,https://smartstore.naver.com/suwonmusic,,,,,1350427389,
알이(Re) 시스템,리메이드컴퓨터,https://smartstore.naver.com/remadesys,,,,,5104600543,
오토모토,AT모토,https://smartstore.naver.com/workpcshop,,,,,7864100505,
솔라센타(주),솔라센타,https://smartstore.naver.com/solarcenter,,,,,1368107994,
싱글티,G FORE 스토어,https://smartstore.naver.com/gfore,,,,,1122897175,
종로싸인,황금맷돌온라인스토어,https://smartstore.naver.com/jongrosign,,,,,3317900142,
아빠여기야,아빠여기야,https://smartstore.naver.com/daddyhere,,,,,5105400626,
빈티지욱,빈티지욱,https://smartstore.naver.com/vintagewookpremium,,,,,7506000128,
에이케이디컴퍼니,에이케이파츠,https://smartstore.naver.com/akparts,,,,,5081891960,
에이스기어,에이스아웃도어 종로점,https://smartstore.naver.com/acegear,,,,,1094350973,
와이엔오,와이엔오,https://smartstore.naver.com/youoriginal,,,,,3072204345,
존뿌링,존슨몰,https://smartstore.naver.com/johnsonjohnsonmall,,,,,6800601961,
스튜디오 루네트(STUDIO LUNETTE),스튜디오 루네트,https://smartstore.naver.com/lunet,,,,,2922500484,
모빌리티,모빌리티 스토어,https://smartstore.naver.com/mobility_store,,,,,1102601344,
우아,가공,https://smartstore.naver.com/gagong,,,,,7876400322,
세미통상,세미통상,https://smartstore.naver.com/semi2017,,,,,6491200792,
에뜨르부티크,에트르부티크,https://smartstore.naver.com/boutiquepalace,,,,,8163900652,
스마트테크(Smart tech),스마트테크,https://smartstore.naver.com/smarttechtouch,,,,,7155800229,
우리건설기계,우리건설기계,https://smartstore.naver.com/woori09,,,,,1040428536,
예술,예술몰,https://smartstore.naver.com/ye-sul,,,,,1190675976,
스포빌,스포빌골프용품남부연습장,https://smartstore.naver.com/spovilnambu,,,,,1420132759,
안느,스튜디오 안느,https://smartstore.naver.com/studio-anne,,,,,7113400686,
씨제이그룹 주식회사,109모빌리티,https://smartstore.naver.com/109mobility,,,,,6688801666,
어쿠스틱 스테이지,어쿠스틱 스테이지,https://smartstore.naver.com/acousticstage,,,,,1864500528,
세이프디포,안전클릭,https://smartstore.naver.com/safeclick,,,,,1262993985,
어라운드196,어라운드196,https://smartstore.naver.com/around196,,,,,8174200432,
영창피아노 청주대리점,HDC 영창뮤직 청주대리점,https://smartstore.naver.com/piano8480,,,,,3011298792,
주식회사 마리아랩,데이미랩,https://smartstore.naver.com/demilab,,,,,3468602285,
민덕,민덕,https://smartstore.naver.com/minduck9,,,,,2441000292,
모모펀,모모펀,https://smartstore.naver.com/momofun,,,,,7340702416,
주식회사 링고벨,무선호출벨 링고벨,https://smartstore.naver.com/ringobell,,,,,2248800133,
용현상사,오라이프샵,https://smartstore.naver.com/5life,,,,,1015400285,
와이지산전,와이지산전,https://smartstore.naver.com/boxpara,,,,,1061331607,
오케이피아노악기,오케이피아노뮤직,https://smartstore.naver.com/okpianomusic,,,,,3485800276,
볼라르(Volar),볼라르 Volar,https://smartstore.naver.com/volarshop,,,,,7523500710,
스터닝헌팅,타임인헤븐,https://smartstore.naver.com/heaventime,,,,,5011451111,
샤인프라자,샤인디지털,https://smartstore.naver.com/sndigital,,,,,2062053253,
에스케이 일렉,에스케이일렉,https://smartstore.naver.com/skelec,,,,,5025932836,
쏘자(SSOZA),쏘자몰,https://smartstore.naver.com/ssoza,,,,,6171621065,
엘케이,재팬파이,https://smartstore.naver.com/japanpie,,,,,4952700694,
부라더미싱,미싱은 미싱나라,https://smartstore.naver.com/lee940907,,,,,1350288835,
프롬 저머니(From Germany),프롬 저머니,https://smartstore.naver.com/from_germany,,,,,2612101399,
씨엠월드,씨엠월드,https://smartstore.naver.com/jcmw87,,,,,8491200392,
퍼스트몰,퍼스트 몰,https://smartstore.naver.com/first89,,,,,8967100401,
스마트114,스마트114,https://smartstore.naver.com/114smart,,,,,8453700976,
에이치솔루션,에이치베드,https://smartstore.naver.com/hbed,,,,,6765200295,
사운드웨이브,사운드웨이브샵,https://smartstore.naver.com/soundwaveshop,,,,,5581901460,
아르떼모,아르떼모,https://smartstore.naver.com/artemo,,,,,2170342481,
오캠프,오캠,https://smartstore.naver.com/ohcamp,,,,,1983800805,
메타툴,툴페이지,https://smartstore.naver.com/toolpage,,,,,3973800455,
스마트총판,스마트종합유통,https://smartstore.naver.com/nicegajeon,,,,,2024510987,
에이치파츠몰(H Parts Mall),에이치파츠몰,https://smartstore.naver.com/hpartsmall,,,,,1054310080,
앨리롤하우스 주식회사 지점,앨리롤하우스,https://smartstore.naver.com/bakery_ellyrollhouse,,,,,7208501342,
좋은쇼핑닷컴,좋은상패닷컴,https://smartstore.naver.com/spdc,,,,,7730100707,
스타일재팬(StyleJapan),스타일재팬,https://smartstore.naver.com/stylejapan,,,,,2631401908,
언더스테이티드,언더스테이티드,https://smartstore.naver.com/understated,,,,,3402200725,
윌로우카트,윌로우카트,https://smartstore.naver.com/willowcart,,,,,1851701462,
상상상회,히스네,https://smartstore.naver.com/heesne,,,,,8166600513,
부라더미싱,부라더미싱 닷컴,https://smartstore.naver.com/brothersewing,,,,,3563200108,
산너미흑염소목장,산너미흑염소목장,https://smartstore.naver.com/sannumi1,,,,,2250453521,
아름다운케어,아름다운케어,https://smartstore.naver.com/beautiful_care,,,,,2676600439,
에이치스토리,The H Story,https://smartstore.naver.com/the_h_story,,,,,4313900830,
스마트디지탈,스마트디지탈,https://smartstore.naver.com/smartdigital,,,,,3967900299,
솔로몬 오토파츠,솔로몬 오토파츠,https://smartstore.naver.com/solomonautoparts,,,,,6680601689,
한울타리,한울타리,https://smartstore.naver.com/hanultari,,,,,4604200070,
상림상회,상림상회,https://smartstore.naver.com/largewood,,,,,2900201950,
조쿤컴퍼니,조쿤액상,https://smartstore.naver.com/jokoonjuice,,,,,6731102229,
원모어글로벌,원모어글로벌,https://smartstore.naver.com/minicocokids,,,,,2270961304,
에스엘툴,에스엘툴,https://smartstore.naver.com/sltool,,,,,3840101433,
오광재주,런던직구몰,https://smartstore.naver.com/londonzicgoomall,,,,,3171501861,
주식회사 다담교육젤로스,리틀토머스,https://smartstore.naver.com/littlethomas,,,,,3468800340,
영민유통,리빙미니멀,https://smartstore.naver.com/livingminimal,,,,,5390101687,
엔젤스토리,엔젤스토리1004,https://smartstore.naver.com/engelstory,,,,,2575400180,
원스토(onesto),원스토몰,https://smartstore.naver.com/onestomall,,,,,4682000830,
아틀리에 아람,goormbi,https://smartstore.naver.com/goormbi,,,,,2785200558,
현성마켓,라마망스토어,https://smartstore.naver.com/lamamang,,,,,7735700494,
씨티아이,어쿠스틱퓨저,https://smartstore.naver.com/acousticfuser,,,,,7754400452,
시스니몰,TSISNI,https://smartstore.naver.com/tsisni,,,,,3850702169,
제이케이인터내셔널,국산마스크,https://smartstore.naver.com/zeronicmask,,,,,5011699934,
맨카인드신드롬,리얼파머스,https://smartstore.naver.com/realfarmersfood,,,,,7421201090,
씨엔 정보통신,중국삼촌,https://smartstore.naver.com/meitan,,,,,2210444919,
존뿌링,일본정품직구,https://smartstore.naver.com/johnsongaminggear,,,,,6800601961,
세미통상,스마트총판,https://smartstore.naver.com/smart2018,,,,,6491200792,