Store name,Homepage URL,담당자이름,연락처1,연락처2,이메일,사업자번호,비고 
구르미애,https://smartstore.naver.com/qwe,,,,,2405600018,
모리가미디자인 스토어,https://smartstore.naver.com/morigami,,,,,2712600301,
김영사 서점 행복한마음,https://smartstore.naver.com/gimmyounghm,,,,,1018126734,
동아사이언스,https://smartstore.naver.com/dongascience,,,,,1018162201,
메디치미디어,https://smartstore.naver.com/medicibooks,,,,,1018627155,
덕원문화유통,https://smartstore.naver.com/duckwondist,,,,,1018657284,
코믹시티,https://smartstore.naver.com/comiccity,,,,,1019032446,
엠북스한국음악사,https://smartstore.naver.com/mbooks,,,,,1019094796,
큐레이션북스,https://smartstore.naver.com/hibooks,,,,,1019138355,
한국경제매거진,https://smartstore.naver.com/hankyung,,,,,1048147761,
월드매거진,https://smartstore.naver.com/magazinebook,,,,,1058179285,
미인부모마켓,https://smartstore.naver.com/kcarey,,,,,1058608223,
유아동도서총판,https://smartstore.naver.com/bookirang,,,,,1058619128,
씨네21,https://smartstore.naver.com/cine21,,,,,1058657632,
고시넷,https://smartstore.naver.com/gosinet,,,,,1058667557,
좋은생각사람들,https://smartstore.naver.com/positivethinking,,,,,1058669496,
위포트,https://smartstore.naver.com/specup,,,,,1058757696,
미르북컴퍼니,https://smartstore.naver.com/mirbook1,,,,,1058769455,
아이이엘티,https://smartstore.naver.com/ielt,,,,,1058793504,
하이북스,https://smartstore.naver.com/eltdb,,,,,1059012888,
디자인북,https://smartstore.naver.com/designbook,,,,,1059926916,
smile24,https://smartstore.naver.com/smile24mall,,,,,1068148164,
대원씨아이,https://smartstore.naver.com/dwci,,,,,1068647762,
루리북스,https://smartstore.naver.com/ruribooks,,,,,1069651173,
아이사랑누리,https://smartstore.naver.com/childlove,,,,,1079106074,
노량진 제일서점,https://smartstore.naver.com/jeilbooks,,,,,1080277127,
유니오니,https://smartstore.naver.com/unioni,,,,,1082019801,
윌스토리,https://smartstore.naver.com/willbes-net,,,,,1088523532,
꿈꾸는달팽이 ggumdal,https://smartstore.naver.com/ggum-dal,,,,,1088604944,
올북,https://smartstore.naver.com/allbook,,,,,1089080857,
이그잼플러스,https://smartstore.naver.com/examplus,,,,,1089121869,
소소리북,https://smartstore.naver.com/sosoryb,,,,,1089121869,
양현책세상,https://smartstore.naver.com/y-book,,,,,1089122679,
도서전문 종합 온라인서점,https://smartstore.naver.com/bestbooks,,,,,1089153357,
JROAD,https://smartstore.naver.com/8399,,,,,1090851059,
Iris book,https://smartstore.naver.com/irisbook,,,,,1099010470,
동아이지에듀,https://smartstore.naver.com/sisaedu,,,,,1108185168,
다온누리 북,https://smartstore.naver.com/daonnuribooks,,,,,1119637794,
상원서점,https://smartstore.naver.com/sangwon,,,,,1120326304,
대교 눈높이,https://smartstore.naver.com/daekyospeaking,,,,,1128141114,
나눔의집,https://smartstore.naver.com/nanumbook,,,,,1129022889,
예스영어,https://smartstore.naver.com/yes05,,,,,1138625636,
책방라이브,https://smartstore.naver.com/booklive,,,,,1138643819,
성보의학서적,https://smartstore.naver.com/medcore,,,,,1139030378,
북리치,https://smartstore.naver.com/jau,,,,,1140315216,
글소리,https://smartstore.naver.com/geulsori,,,,,1140315216,
리딩앤,https://smartstore.naver.com/readingn,,,,,1148685559,
북메카,https://smartstore.naver.com/bookmecca,,,,,1149020776,
창조플러스몰,https://smartstore.naver.com/sscj1009,,,,,1170692509,
메디칼플러스,https://smartstore.naver.com/medicalplus,,,,,1178174570,
북션,https://smartstore.naver.com/booktion,,,,,1198142619,
물쌤북,https://smartstore.naver.com/moolssem,,,,,1198673024,
가까운서점,https://smartstore.naver.com/nearby_bookstore,,,,,1199603788,
마음의 공간,https://smartstore.naver.com/space_of_mind,,,,,1199603788,
담바우샵,https://smartstore.naver.com/dambaushop,,,,,1199603788,
스토리지북앤필름,https://smartstore.naver.com/justorage,,,,,1201153433,
시멘토,https://smartstore.naver.com/symentor,,,,,1213332016,
복음기독교백화점,https://smartstore.naver.com/bokumemall,,,,,1220951608,
계몽사,https://smartstore.naver.com/kyemongsa,,,,,1228647726,
고양이책방,https://smartstore.naver.com/catbook7,,,,,1239182910,
씨투엠에듀,https://smartstore.naver.com/c2mmall,,,,,1248753390,
세창문화사,https://smartstore.naver.com/scprint,,,,,1249520967,
엘리트2000,https://smartstore.naver.com/elite2000,,,,,1268682050,
리드북스,https://smartstore.naver.com/e-rdboooks,,,,,1274158775,
북마음,https://smartstore.naver.com/ji0828,,,,,1279284580,
갈락시아스,https://smartstore.naver.com/galaxias,,,,,1279951055,
153성경몰,https://smartstore.naver.com/153bibie,,,,,1282703258,
책주세요,https://smartstore.naver.com/givemebooks,,,,,1283217120,
나우에듀,https://smartstore.naver.com/nowedu,,,,,1283302551,
펜북,https://smartstore.naver.com/akc21,,,,,1283307463,
스토리난다,https://smartstore.naver.com/butinanda,,,,,1283532573,
컬쳐스퀘어,https://smartstore.naver.com/culturesquare,,,,,1283628213,
웬디북스토어,https://smartstore.naver.com/wendybook,,,,,1288615066,
밥북스,https://smartstore.naver.com/wizius,,,,,1288703761,
우리마당,https://smartstore.naver.com/woori3886,,,,,1289237135,
의학메카,https://smartstore.naver.com/medmecca,,,,,1309016309,
의학서적1번가,https://smartstore.naver.com/gagabook,,,,,1309016309,
매경출판shop,https://smartstore.naver.com/mkbook,,,,,1309164109,
부천북하우스아동도서쇼핑몰,https://smartstore.naver.com/bucheonbookhouse,,,,,1309271776,
잉글리쉬플러스경인점,https://smartstore.naver.com/englishpluskor,,,,,1309287846,
세상의 모든 책,https://smartstore.naver.com/marubooks,,,,,1312828311,
다올서점,https://smartstore.naver.com/welcome_everyone,,,,,1314900827,
이즈북스,https://smartstore.naver.com/isbooks,,,,,1329347717,
렛츠고샵,https://smartstore.naver.com/letsgoshop,,,,,1331303379,
공부친구,https://smartstore.naver.com/gongbumate,,,,,1359126401,
어린이집 교재교구 용순닷컴,https://smartstore.naver.com/kys77,,,,,1389141115,
카카오북,https://smartstore.naver.com/likebook,,,,,1401400080,
그린books,https://smartstore.naver.com/happyday-greenbooks,,,,,1409123051,
마루북,https://smartstore.naver.com/maroobook,,,,,1410424655,
인터북스,https://smartstore.naver.com/interbooks,,,,,1410610529,
비에이쇼핑,https://smartstore.naver.com/bashop,,,,,1418123943,
코북,https://smartstore.naver.com/korbook,,,,,1418123943,
북스북스,https://smartstore.naver.com/booksbooks,,,,,1418136448,
부키키,https://smartstore.naver.com/booky,,,,,1419018272,
책읽는공룡,https://smartstore.naver.com/bookpage,,,,,1419701426,
경기문고,https://smartstore.naver.com/gyeonggibooks,,,,,1429401414,
친절한 은주쌤,https://smartstore.naver.com/withworship,,,,,1440244786,
책집-book.zip,https://smartstore.naver.com/jhsafe,,,,,1445800280,
러닝북스,https://smartstore.naver.com/learningbooks,,,,,1549600334,
DMSHOP,https://smartstore.naver.com/dmbookshop,,,,,1559400712,
북라이언,https://smartstore.naver.com/booklion,,,,,1602600277,
스페셜북스,https://smartstore.naver.com/specialbooks,,,,,1621600181,
북캔,https://smartstore.naver.com/exceptions,,,,,1667300153,
홀리선데이,https://smartstore.naver.com/holi_sunday,,,,,1683200909,
메카BOOK,https://smartstore.naver.com/mecabook,,,,,1720102009,
와이에듀,https://smartstore.naver.com/whyedu,,,,,1732100244,
영해북스,https://smartstore.naver.com/younghaebooks,,,,,1751001559,
씨더북스,https://smartstore.naver.com/seethebooks,,,,,1751001559,
GNBooks,https://smartstore.naver.com/gnbooks,,,,,1763700467,
모닝웨일즈,https://smartstore.naver.com/inbplanet,,,,,1784400495,
같이자람,https://smartstore.naver.com/gachijaram,,,,,1989300672,
신고서점,https://smartstore.naver.com/singoro91,,,,,2049188872,
동대문한솔문고,https://smartstore.naver.com/21books,,,,,2059009984,
북더미,https://smartstore.naver.com/woolf11,,,,,2062257307,
엄지검지,https://smartstore.naver.com/umzgumz,,,,,2062695629,
민티북스,https://smartstore.naver.com/mintybooks,,,,,2069299275,
진북,https://smartstore.naver.com/jinbook,,,,,2069325561,
나무와나무에,https://smartstore.naver.com/explorer12,,,,,2069359299,
책속으로,https://smartstore.naver.com/book-in,,,,,2069389075,
와우북,https://smartstore.naver.com/wow-book,,,,,2079141901,
아이베이비북,https://smartstore.naver.com/ibabybook,,,,,2089667312,
JPBook,https://smartstore.naver.com/jpbook,,,,,2090648530,
잉글리쉬플러스,https://smartstore.naver.com/english_plus,,,,,2098125117,
언어세상,https://smartstore.naver.com/lwbooks,,,,,2098125117,
행복한 책나무,https://smartstore.naver.com/happybooktree,,,,,2099273411,
예인북,https://smartstore.naver.com/mafraq,,,,,2105261049,
더배움,https://smartstore.naver.com/thebaeoom,,,,,2108173962,
키즈몽드,https://smartstore.naver.com/kiz_b,,,,,2113266428,
민음사,https://smartstore.naver.com/minumsa,,,,,2118179673,
이노버코리아,https://smartstore.naver.com/innover,,,,,2118891074,
세일북,https://smartstore.naver.com/salebook,,,,,2119201055,
LPStory,https://smartstore.naver.com/lpstory,,,,,2129190613,
삼성북스토어,https://smartstore.naver.com/samsungbooks,,,,,2140750753,
시공사 북스토어,https://smartstore.naver.com/sigongbooks,,,,,2148133375,
리틀팍스,https://smartstore.naver.com/littlefoxstore,,,,,2148650592,
쎄듀북,https://smartstore.naver.com/cedu,,,,,2148747833,
주산수리셈 본사 쇼핑몰,https://smartstore.naver.com/surisem,,,,,2148822289,
에이씨씨뮤직,https://smartstore.naver.com/accmusic,,,,,2148864504,
천리안북,https://smartstore.naver.com/chollianbook,,,,,2151988139,
펀 FUN 세상,https://smartstore.naver.com/morphun,,,,,2151989690,
우리동네책방,https://smartstore.naver.com/junedu,,,,,2155400056,
더불어사는세상,https://smartstore.naver.com/4together,,,,,2159068054,
그랜드문고,https://smartstore.naver.com/grandbooks,,,,,2179835763,
국안에듀 mj소방,https://smartstore.naver.com/kukan,,,,,2188700015,
니즈콕-NIZCOK,https://smartstore.naver.com/nizcok,,,,,2210267771,
소울메이트북,https://smartstore.naver.com/soulmatebookstore,,,,,2219406518,
샤인인터코리아,https://smartstore.naver.com/shineinterkorea,,,,,2229084810,
아티초크 스토어,https://smartstore.naver.com/artichokestore,,,,,2300156437,
삼성문고,https://smartstore.naver.com/ssbooks0319961009,,,,,2310400179,
꿈책,https://smartstore.naver.com/edreambook,,,,,2369400457,
북인사이드,https://smartstore.naver.com/bookinside,,,,,2519000744,
북마니,https://smartstore.naver.com/bookmani,,,,,2569201460,
한토이북,https://smartstore.naver.com/hantoybook,,,,,2596800335,
스마트북몰,https://smartstore.naver.com/smartbookmall,,,,,2598600834,
세계책방,https://smartstore.naver.com/segyemoongo,,,,,2660702534,
피오르드북,https://smartstore.naver.com/fjordbook,,,,,2684000150,
설레임북스,https://smartstore.naver.com/deerbook0908,,,,,2703700319,
강산북스,https://smartstore.naver.com/dmbooks,,,,,2769200198,
가나성경몰,https://smartstore.naver.com/canabiblemall,,,,,2986400405,
비커밍 제이,https://smartstore.naver.com/slimset,,,,,2990201980,
에듀셔틀,https://smartstore.naver.com/edushuttle,,,,,3016500445,
북큰세상,https://smartstore.naver.com/bookbicworld,,,,,3019225267,
오퐈상회,https://smartstore.naver.com/oppha_store,,,,,3058640745,
은산북스,https://smartstore.naver.com/eunsanbooks,,,,,3061351732,
체스인사이드,https://smartstore.naver.com/chessinside,,,,,3076300473,
미래엔 공식몰,https://smartstore.naver.com/miraen-mall,,,,,3078504700,
몬스터BOOK,https://smartstore.naver.com/eduwillstore,,,,,3099966470,
이루다플랫,https://smartstore.naver.com/irudaplat,,,,,3128802739,
사랑방서원,https://smartstore.naver.com/srbbook,,,,,3129666363,
판타스틱컴퍼니,https://smartstore.naver.com/fantasticcompany,,,,,3150905405,
닥터라이브러리,https://smartstore.naver.com/dr-library,,,,,3159302329,
제이북스,https://smartstore.naver.com/jbooks,,,,,3168700847,
스토리힐,https://smartstore.naver.com/storyhill,,,,,3208702335,
라이프위너,https://smartstore.naver.com/lifewinner,,,,,3208702693,
책 공장,https://smartstore.naver.com/factorybook,,,,,3209001715,
Haveit,https://smartstore.naver.com/haveitmall,,,,,3235900556,
스토어북,https://smartstore.naver.com/storebook,,,,,3309400967,
지니북,https://smartstore.naver.com/jini0903,,,,,3319901120,
홀로서기감돌,https://smartstore.naver.com/holro,,,,,3408700990,
goodbookstore,https://smartstore.naver.com/goodbookstore,,,,,3449600354,
비상교육공식지정공급처,https://smartstore.naver.com/seouledu1,,,,,3459100745,
온누리가게,https://smartstore.naver.com/onnuri_shop,,,,,3463000956,
525 마켓,https://smartstore.naver.com/525_market,,,,,3463000956,
엄마홀릭,https://smartstore.naver.com/trustyfriend,,,,,3510901744,
별밤서재,https://smartstore.naver.com/byeolbam,,,,,3528801174,
리온북,https://smartstore.naver.com/rionbook,,,,,3542300610,
장원북스마켓,https://smartstore.naver.com/jangwonbooks,,,,,3579201536,
퀵서점,https://smartstore.naver.com/831206,,,,,3590601771,
별들마켓,https://smartstore.naver.com/stars_market,,,,,3603600857,
더북스,https://smartstore.naver.com/thebooks,,,,,3649601357,
차이나맘,https://smartstore.naver.com/chinamom,,,,,3718101220,
스태리북스,https://smartstore.naver.com/starrybooks,,,,,3779900302,
인터넷서점,https://smartstore.naver.com/bestch1,,,,,3788101008,
북스채널,https://smartstore.naver.com/booksch,,,,,3788101008,
개쉬운영어,https://smartstore.naver.com/gashwoonbooks,,,,,3819900048,
모아모아샵,https://smartstore.naver.com/moapanda,,,,,3829501101,
도서모아샵,https://smartstore.naver.com/bookmoashop,,,,,3829501101,
미라클북스,https://smartstore.naver.com/bookmoamoa,,,,,3829501101,
삼남매원서,https://smartstore.naver.com/lanjerioiljang,,,,,3861400589,
아마존키즈,https://smartstore.naver.com/amazonkids,,,,,3888701176,
HANASA,https://smartstore.naver.com/hanasamol,,,,,3929801448,
메리포핀스북스,https://smartstore.naver.com/young1man,,,,,3949400544,
월드문고,https://smartstore.naver.com/kimbookstore,,,,,3999001462,
강인서적,https://smartstore.naver.com/kibbook,,,,,4029210000,
강인도서,https://smartstore.naver.com/kib,,,,,4029210000,
리치365,https://smartstore.naver.com/promate,,,,,4045300644,
에듀채널,https://smartstore.naver.com/landch,,,,,4078130719,
e-Books,https://smartstore.naver.com/e-books8085,,,,,4089160985,
스타트에듀,https://smartstore.naver.com/startedu,,,,,4094611890,
용봉서적,https://smartstore.naver.com/ybbook,,,,,4098192365,
열공패스,https://smartstore.naver.com/ybbookcom,,,,,4098192365,
라라북,https://smartstore.naver.com/rarabook,,,,,4109561947,
북바이북스,https://smartstore.naver.com/bookbuybooks,,,,,4109561947,
동명서적,https://smartstore.naver.com/dmbook,,,,,4118119066,
한솔문고,https://smartstore.naver.com/hansol_books,,,,,4118120961,
이라선,https://smartstore.naver.com/irasun,,,,,4121660518,
푸름서적,https://smartstore.naver.com/bsdb9600,,,,,4123900289,
이후북스,https://smartstore.naver.com/now_afterbooks,,,,,4125500125,
JJ 브라더,https://smartstore.naver.com/jjbrother2,,,,,4131101725,
정다운글방,https://smartstore.naver.com/booknthe,,,,,4181368685,
배움서림,https://smartstore.naver.com/baeum,,,,,4189055046,
문화서적,https://smartstore.naver.com/mhbook,,,,,4189500148,
에이커머스,https://smartstore.naver.com/booksstore,,,,,4193900219,
월드북스,https://smartstore.naver.com/world-books,,,,,4234500825,
도서사은품몰,https://smartstore.naver.com/bookgift,,,,,4239500780,
펭북,https://smartstore.naver.com/pengbook,,,,,4271301640,
랭크스타일,https://smartstore.naver.com/palladio,,,,,4298101228,
그랜드몰,https://smartstore.naver.com/grandbook,,,,,4359600494,
아이봉구샵,https://smartstore.naver.com/shopbonggu,,,,,4360302377,
X파일 - 행복한 꿀벌,https://smartstore.naver.com/son4xfile,,,,,4548101879,
서점닷컴,https://smartstore.naver.com/dadacorp,,,,,4555700354,
바르다북,https://smartstore.naver.com/bareudabook,,,,,4593000742,
북고리즘,https://smartstore.naver.com/bookgorism,,,,,4599401419,
안나베네딕타,https://smartstore.naver.com/annabenedicta,,,,,4599401419,
앤드컴퍼니,https://smartstore.naver.com/petand,,,,,4612600845,
가가서점,https://smartstore.naver.com/gagabooks,,,,,4669801088,
비비북,https://smartstore.naver.com/bibibook,,,,,4729901299,
코믹갤러리,https://smartstore.naver.com/comicgallery,,,,,4759600376,
중고 코믹갤러리,https://smartstore.naver.com/joonggo_comicgallery,,,,,4759600376,
티라노북,https://smartstore.naver.com/dnfxmfk753,,,,,4768601684,
레몽카디,https://smartstore.naver.com/lemongcardy,,,,,4871501345,
비전북,https://smartstore.naver.com/visionbook,,,,,4902200883,
bookspa,https://smartstore.naver.com/bookspa,,,,,4948500648,
웃고리딩,https://smartstore.naver.com/woosgo,,,,,4949400941,
교원 빨간펜,https://smartstore.naver.com/kyowonedu,,,,,4968602009,
드림널스,https://smartstore.naver.com/nourseforus,,,,,4978601492,
글로벌스토어,https://smartstore.naver.com/global2008,,,,,5022837220,
한국교문사,https://smartstore.naver.com/gyomunsa,,,,,5029923390,
디씨북,https://smartstore.naver.com/dcbook,,,,,5038154983,
에듀북,https://smartstore.naver.com/edubook,,,,,5039139394,
스페셜북,https://smartstore.naver.com/specialbook,,,,,5041051903,
한가람북스,https://smartstore.naver.com/scorpiona4,,,,,5042950089,
북모닝,https://smartstore.naver.com/morningbook,,,,,5048614825,
호랑이책방,https://smartstore.naver.com/tigerbook,,,,,5049914510,
마이패스,https://smartstore.naver.com/mypass,,,,,5118800890,
데일리 서플라이,https://smartstore.naver.com/dailysupplynbook,,,,,5119641294,
리비엠,https://smartstore.naver.com/rebm,,,,,5126272631,
북사이트,https://smartstore.naver.com/booksite,,,,,5159286316,
큐티엠,https://smartstore.naver.com/qtm,,,,,5188200036,
위즈북,https://smartstore.naver.com/weedsbook,,,,,5209601239,
케이제이북스,https://smartstore.naver.com/kjbooks,,,,,5216000215,
스마트프렌드,https://smartstore.naver.com/smart_friend,,,,,5264600626,
디에스북,https://smartstore.naver.com/dsbook,,,,,5289801407,
LKY핵심역량연구소,https://smartstore.naver.com/233076-kyhee,,,,,5302101131,
공단기 공부서점,https://smartstore.naver.com/conectsbook,,,,,5308500416,
코믹존,https://smartstore.naver.com/comiczone1,,,,,5358100621,
해뜸,https://smartstore.naver.com/hddmall,,,,,5370501262,
드림플랫폼,https://smartstore.naver.com/dreamplatform,,,,,5372900880,
해피컴스,https://smartstore.naver.com/happycomes1,,,,,5375200350,
tigerbooks,https://smartstore.naver.com/tigerbooks,,,,,5499401309,
해인책숲길,https://smartstore.naver.com/bookforest,,,,,5522501269,
키즈샵 아이라이크,https://smartstore.naver.com/thesoban,,,,,5627600217,
VMAX 브이맥스,https://smartstore.naver.com/vmaxv,,,,,5679901374,
책짓는달팽이,https://smartstore.naver.com/dalpaeng,,,,,5686800170,
예림북스,https://smartstore.naver.com/yerimbooks,,,,,5716100352,
가가북,https://smartstore.naver.com/gagabook7,,,,,5771201521,
슈퍼북스,https://smartstore.naver.com/superbooks,,,,,5849501411,
앨리스북,https://smartstore.naver.com/alicebook,,,,,5869700601,
룰루북,https://smartstore.naver.com/lullub,,,,,5921300455,
토피카,https://smartstore.naver.com/topicamall,,,,,5958701129,
템북,https://smartstore.naver.com/tembook,,,,,6041563024,
캠버스,https://smartstore.naver.com/cambus,,,,,6058172725,
유스터디,https://smartstore.naver.com/ustudy,,,,,6058188149,
연합도서,https://smartstore.naver.com/yonhapbook,,,,,6061448814,
플러스북,https://smartstore.naver.com/plusbook,,,,,6069195448,
즐거운만화,https://smartstore.naver.com/zlgoon-comic-books,,,,,6098802399,
곰돌이북,https://smartstore.naver.com/seobook,,,,,6099185518,
독서에 빠지다,https://smartstore.naver.com/gorillabookstore,,,,,6104167970,
북파크,https://smartstore.naver.com/all-book,,,,,6139428458,
해피드림몰,https://smartstore.naver.com/hdream74,,,,,6180743089,
미근동서점,https://smartstore.naver.com/bookskorea,,,,,6229402879,
월드북,https://smartstore.naver.com/worldbooks,,,,,6249000035,
은하수북스,https://smartstore.naver.com/eunhasubooks,,,,,6259201502,
책빌리지,https://smartstore.naver.com/book_village,,,,,6289601339,
그로잉북,https://smartstore.naver.com/growingbook,,,,,6289900520,
스바루,https://smartstore.naver.com/subaru,,,,,6289900520,
윤팩토리,https://smartstore.naver.com/yoonfactory,,,,,6292601019,
책동네마음산책,https://smartstore.naver.com/bookwalk2020,,,,,6337400311,
Mignon Bee,https://smartstore.naver.com/mercibee,,,,,6429601179,
꿀비북,https://smartstore.naver.com/honeybeebook,,,,,6446200638,
아잉의 마법상점,https://smartstore.naver.com/aingtarot,,,,,6463000327,
윤에디션,https://smartstore.naver.com/yunedition,,,,,6511801312,
가나안기독교백화점,https://smartstore.naver.com/canaanland,,,,,6541200343,
베스트토이북,https://smartstore.naver.com/besttoybook,,,,,6560800018,
두잉글 스토어,https://smartstore.naver.com/longtailstore,,,,,6588100128,
애드투북스,https://smartstore.naver.com/addtobooks,,,,,6748101809,
대단한미디어,https://smartstore.naver.com/dugout_mz,,,,,6798701785,
한길북스,https://smartstore.naver.com/hangilbooks,,,,,6809100503,
데일리러닝,https://smartstore.naver.com/day_after_day,,,,,6829601269,
경기책방,https://smartstore.naver.com/bong6958,,,,,6829601269,
파주책방,https://smartstore.naver.com/pajubook,,,,,6829601269,
살롱드루시 컴퍼니,https://smartstore.naver.com/salondelucy,,,,,6865000527,
책만땅,https://smartstore.naver.com/dragon4425,,,,,6910102096,
아비아출판사,https://smartstore.naver.com/ulee,,,,,6951601322,
나홀로북,https://smartstore.naver.com/naholobook,,,,,6969401342,
아이쟉,https://smartstore.naver.com/izzac,,,,,6979300688,
사야쥬,https://smartstore.naver.com/sayaju,,,,,6990901272,
캐스퐁,https://smartstore.naver.com/0799,,,,,6993400839,
우쑤자료실,https://smartstore.naver.com/wo_osy_file,,,,,7012901118,
웨이크업얼리 북스토어,https://smartstore.naver.com/wakeupearly,,,,,7028701237,
북스트릿,https://smartstore.naver.com/bookst,,,,,7029701177,
자이북스,https://smartstore.naver.com/xibooks,,,,,7129101283,
종로서적,https://smartstore.naver.com/jnbooks,,,,,7138700617,
쇼핑큐레이터 맥스민,https://smartstore.naver.com/maxmin,,,,,7140500685,
수북수북 수수북,https://smartstore.naver.com/subooksubook,,,,,7140501758,
마루서재,https://smartstore.naver.com/marulibrary,,,,,7169501207,
북트렌드,https://smartstore.naver.com/booktrend,,,,,7219200005,
디엠도서,https://smartstore.naver.com/dm5861,,,,,7248701163,
콕서점,https://smartstore.naver.com/mongddak,,,,,7260501936,
도로시북,https://smartstore.naver.com/bananabook,,,,,7279000601,
꿈을 낚는 어부,https://smartstore.naver.com/dreamfisher,,,,,7371201064,
동네북스,https://smartstore.naver.com/dongnebooks,,,,,7388802004,
키즈위드,https://smartstore.naver.com/kidswith,,,,,7392800437,
자이언트북,https://smartstore.naver.com/giantbook,,,,,7401400065,
온더북,https://smartstore.naver.com/onthebook,,,,,7429101552,
윤씨네가게,https://smartstore.naver.com/yoonbooks,,,,,7442200515,
프리즘오브 프레스,https://smartstore.naver.com/prismofpress,,,,,7448100996,
모얌북스,https://smartstore.naver.com/moyambooks,,,,,7468801888,
양양랄라,https://smartstore.naver.com/kang5468,,,,,7479600359,
니얼픽콕,https://smartstore.naver.com/nearpickcock,,,,,7491401402,
jnjbooks,https://smartstore.naver.com/jnjbooks,,,,,7508800103,
차차북,https://smartstore.naver.com/chachabook,,,,,7519401014,
오케이바이블,https://smartstore.naver.com/okbible,,,,,7523300017,
오후 2:00,https://smartstore.naver.com/2pm_shop,,,,,7549901250,
싸데이북,https://smartstore.naver.com/sod7766,,,,,7579401161,
훈민출판사,https://smartstore.naver.com/hunminbook,,,,,7723500621,
합격의 기술,https://smartstore.naver.com/passingskill,,,,,7739200947,
BEAR BOOK,https://smartstore.naver.com/bear-book,,,,,7849801346,
북앤스토어,https://smartstore.naver.com/eurekamall,,,,,7865900344,
북보라,https://smartstore.naver.com/bookbora,,,,,7881900136,
북크박스,https://smartstore.naver.com/800kbooks,,,,,7929400224,
빡공대 서점,https://smartstore.naver.com/bbackbook,,,,,7949201389,
-스마일상회-,https://smartstore.naver.com/-smileshop-,,,,,7951801247,
스터디박스,https://smartstore.naver.com/studybox,,,,,7958700429,
핑거마켓,https://smartstore.naver.com/fingermarkett,,,,,7958700429,
이츠북,https://smartstore.naver.com/itisbook,,,,,7959401294,
브루크너하우스,https://smartstore.naver.com/brucknerhouse,,,,,7962101099,
여유서점,https://smartstore.naver.com/composure2,,,,,7969501426,
깨알책,https://smartstore.naver.com/kdgbook,,,,,7969501426,
마인드북,https://smartstore.naver.com/paju_bookstore,,,,,7969501426,
공기업길잡이,https://smartstore.naver.com/publicstudy,,,,,7994100651,
참새책책방,https://smartstore.naver.com/bookbookbookbook,,,,,7999901423,
러닝메이트,https://smartstore.naver.com/todaybooks,,,,,8039600547,
윤경닷컴,https://smartstore.naver.com/ykstore,,,,,8039600547,
바른서점,https://smartstore.naver.com/bareunbs,,,,,8092001404,
어썸에듀,https://smartstore.naver.com/awesome_edu,,,,,8098601910,
드림나래,https://smartstore.naver.com/dreamnr,,,,,8109500679,
도서출판 키다리아저씨,https://smartstore.naver.com/kidaribookstore,,,,,8118100544,
내가이슈,https://smartstore.naver.com/iamissue,,,,,8139300470,
루나북,https://smartstore.naver.com/lunabook,,,,,8139300470,
북윈도,https://smartstore.naver.com/bookwindow,,,,,8171400031,
아름드림북,https://smartstore.naver.com/arumdreambook,,,,,8211701699,
북채널,https://smartstore.naver.com/bookch,,,,,8218600565,
예서당,https://smartstore.naver.com/yeseodang,,,,,8229401432,
합격이 빠르다,https://smartstore.naver.com/passpass,,,,,8231601285,
SchoolPia,https://smartstore.naver.com/schoolpia777,,,,,8232300644,
이지교육,https://smartstore.naver.com/easyedu,,,,,8237800187,
사임당북스,https://smartstore.naver.com/saimdangbooks,,,,,8261400243,
디앤씨웹툰스토어,https://smartstore.naver.com/dncwebtoon,,,,,8278702011,
벤티북,https://smartstore.naver.com/ventibook,,,,,8279400549,
북클릭,https://smartstore.naver.com/bookclick,,,,,8290501540,
하늘꿈기독교백화점,https://smartstore.naver.com/skydream2019,,,,,8342200744,
스터디채널,https://smartstore.naver.com/studych,,,,,8368700263,
혼공마켓,https://smartstore.naver.com/hongongmarket,,,,,8408102439,
플레이팩토 공식 스토어,https://smartstore.naver.com/playfacto,,,,,8508701782,
에듀파크,https://smartstore.naver.com/edupark,,,,,8531701283,
아이등불,https://smartstore.naver.com/ibooklamp,,,,,8539100800,
맘s북스,https://smartstore.naver.com/mom-sbooks,,,,,8549801422,
메이플북스,https://smartstore.naver.com/aidesign,,,,,8575900350,
고고-마켓,https://smartstore.naver.com/gogo-market,,,,,8631001302,
콩나물상사,https://smartstore.naver.com/kongnamual,,,,,8663600845,
탁트임언어치료,https://smartstore.naver.com/slp8070,,,,,8675700014,
포커고수,https://smartstore.naver.com/pokergosu,,,,,8698101595,
창의와 사고,https://smartstore.naver.com/ct3,,,,,8698101732,
livingon,https://smartstore.naver.com/living_on,,,,,8768702309,
알리스,https://smartstore.naver.com/alries,,,,,8779600209,
북매니아,https://smartstore.naver.com/bookmania,,,,,8779600209,
마켓비몰,https://smartstore.naver.com/marketbmall,,,,,8818101955,
와이투미디어,https://smartstore.naver.com/ytoomedia,,,,,8889500560,
키키네책방,https://smartstore.naver.com/kikibooks16440519,,,,,8898101134,
BM쎄미콘닥터,https://smartstore.naver.com/bm2480,,,,,1010905354,
정인shop,https://smartstore.naver.com/cleanling2,,,,,1052265159,
앤츄홈,https://smartstore.naver.com/levi1,,,,,1082492848,
BET,https://smartstore.naver.com/betting,,,,,1122071427,
Smile BMJ,https://smartstore.naver.com/bmjmotors,,,,,1170594801,
또몽케이스,https://smartstore.naver.com/ddomongcase,,,,,1813800786,
헬스 앤 뷰티,https://smartstore.naver.com/beautynhealthshop,,,,,3382501284,
비하인드컴퍼니,https://smartstore.naver.com/behindco,,,,,3533200598,
FEEDER,https://smartstore.naver.com/feederfather,,,,,3711601386,
노트스타,https://smartstore.naver.com/notestar,,,,,3753300538,
밸프로,https://smartstore.naver.com/valpro,,,,,3943401156,
앙칼,https://smartstore.naver.com/angkal,,,,,4023793851,
직접고쳐,https://smartstore.naver.com/selfrepair,,,,,4101646714,
에잇 플로어,https://smartstore.naver.com/8thfloor,,,,,4121701646,
또바U,https://smartstore.naver.com/ddobau,,,,,4240100635,
슈페를,https://smartstore.naver.com/sperl,,,,,4342701325,
코드웨이,https://smartstore.naver.com/aroundnet,,,,,4450901995,
Atelier lykke,https://smartstore.naver.com/laplan_j,,,,,4772601155,
도매파크,https://smartstore.naver.com/wholesalepark,,,,,4821202289,
오순도순-오도몰,https://smartstore.naver.com/odomall,,,,,4841401427,
리빗,https://smartstore.naver.com/rivit,,,,,4961800884,
KH리테일,https://smartstore.naver.com/kh_retail,,,,,4970601831,
이온수기필터,https://smartstore.naver.com/atshop,,,,,5022993253,
도장할인마트,https://smartstore.naver.com/dojang,,,,,1010328035,
중앙메디,https://smartstore.naver.com/middlemedi,,,,,1010724852,
더리테이블,https://smartstore.naver.com/theleetable,,,,,1010794697,
블루로렐,https://smartstore.naver.com/bluelaurel,,,,,1011693690,
시가꼬,https://smartstore.naver.com/sigakko,,,,,1022094684,
브룸마이라이드,https://smartstore.naver.com/vroommyride,,,,,1035500177,
k맘의 장바구니,https://smartstore.naver.com/kmomschoice,,,,,1012593367,
인빌쇼핑,https://smartstore.naver.com/invil,,,,,1018210559,
대희네가게,https://smartstore.naver.com/dheestore,,,,,1022052516,
밴프마켓,https://smartstore.naver.com/banffmarket,,,,,1022166512,
평화네 가게,https://smartstore.naver.com/glowmalll,,,,,1031401509,
쭈쭈부부,https://smartstore.naver.com/joojoobubu,,,,,1041168875,
먹태리우스,https://smartstore.naver.com/meoktaerius,,,,,1041314373,
꿈쓰,https://smartstore.naver.com/ggoomss,,,,,1052492024,
또먹또먹,https://smartstore.naver.com/eatagain,,,,,1061398137,
김선하의닭갈비,https://smartstore.naver.com/ksh5447892,,,,,1063180363,
청춘푸드,https://smartstore.naver.com/young_food,,,,,1072047207,
하트리 커피앤디저트,https://smartstore.naver.com/htcoffee,,,,,1074873539,
슈아브 마카롱 앤 캐러멜,https://smartstore.naver.com/suaveshop,,,,,1081284156,
로미스베이커리,https://smartstore.naver.com/romisbakery,,,,,1082055132,
와일드허니 쇼핑몰,https://smartstore.naver.com/miraclehoney,,,,,1082073334,
산막와이너리,https://smartstore.naver.com/sanmacwine,,,,,1091895769,
우승상회,https://smartstore.naver.com/mdh4090,,,,,1103094632,
청호나이스 스토어,https://smartstore.naver.com/chungho-store,,,,,1107100345,
치팅데이,https://smartstore.naver.com/cheating,,,,,1111493897,
까까매점,https://smartstore.naver.com/dalgonamart,,,,,1120751024,
박카루,https://smartstore.naver.com/bakkaru,,,,,1122698336,
제주 오일장 마켓,https://smartstore.naver.com/jejumarketoil,,,,,1124116526,
오비엔,https://smartstore.naver.com/ohhbien,,,,,1125005642,
삼덕식품,https://smartstore.naver.com/samdeok,,,,,1131039324,
BODY DESIGN LA,https://smartstore.naver.com/leahmain,,,,,1141594795,
캔디스킨,https://smartstore.naver.com/candy1004,,,,,1161100238,
정상몰,https://smartstore.naver.com/nis9321,,,,,1164500704,
두레브,https://smartstore.naver.com/douxr2ve,,,,,1173101029,
호주싸다,https://smartstore.naver.com/hojussada,,,,,1180525781,
YesMall,https://smartstore.naver.com/smartstorecap,,,,,1192040599,
미루마트,https://smartstore.naver.com/mirumart,,,,,1210245837,
순자네김치,https://smartstore.naver.com/sunjakimci,,,,,1210451482,
비타킹,https://smartstore.naver.com/vitaking,,,,,1222547856,
하이퍼바이브,https://smartstore.naver.com/pbjelly,,,,,1236861902,
씨티플러스,https://smartstore.naver.com/ctplus,,,,,1245038864,
해뜰팜,https://smartstore.naver.com/httfarm,,,,,1249679316,
삼화쇼핑,https://smartstore.naver.com/samwha,,,,,1252800389,
가야몰,https://smartstore.naver.com/gayamall,,,,,1262018251,
진원신선,https://smartstore.naver.com/heesungmoll,,,,,1262481524,
소백 축산,https://smartstore.naver.com/6sixjoa,,,,,1525200538,
파미언스,https://smartstore.naver.com/farmience,,,,,1565500642,
어성호,https://smartstore.naver.com/driedfish1979,,,,,1642400955,
꼼지팜,https://smartstore.naver.com/comzypharm,,,,,2111144676,
브랜드하나,https://smartstore.naver.com/smartstorehana,,,,,3512300964,
좋은장날,https://smartstore.naver.com/nicejangnal,,,,,3533601275,
호주블리스,https://smartstore.naver.com/milktop,,,,,3540700793,
길갈베이커리,https://smartstore.naver.com/gilgalbakery,,,,,3582900292,
이엘이야기,https://smartstore.naver.com/yielstory,,,,,3624100594,
조선커피,https://smartstore.naver.com/on_the_table_,,,,,3635500482,
백년건강 생활,https://smartstore.naver.com/jini-hlife,,,,,3671001804,
보따리장수,https://smartstore.naver.com/bottary,,,,,3674500199,
장수스토어,https://smartstore.naver.com/kjangsustore,,,,,3712301079,
야우스토어,https://smartstore.naver.com/ksea05,,,,,3722500999,
마이너마켓,https://smartstore.naver.com/minormarket,,,,,3751601807,
코스트부산,https://smartstore.naver.com/cocotoy,,,,,3783500036,
아이라이크티티,https://smartstore.naver.com/ilikett,,,,,3792700602,
인스월드,https://smartstore.naver.com/insworld,,,,,3891701012,
모모씨네 스토어,https://smartstore.naver.com/pafam,,,,,3901600715,
원몽드코리아,https://smartstore.naver.com/moadoon,,,,,3915500599,
행복123,https://smartstore.naver.com/happyby123,,,,,3930901409,
프룻테리언,https://smartstore.naver.com/fruitarian,,,,,3940202469,
바르다식탁,https://smartstore.naver.com/barentable,,,,,3940202469,
베르포아,https://smartstore.naver.com/berpoir,,,,,3946600497,
단마토하담베리,https://smartstore.naver.com/hdbr,,,,,3952900802,
리코51,https://smartstore.naver.com/rickko51,,,,,3955400347,
인트로밀,https://smartstore.naver.com/intromeal,,,,,3961801394,
일등야채,https://smartstore.naver.com/ildeungyachae,,,,,3971901230,
오늘요거,https://smartstore.naver.com/yogurtoday,,,,,4015700283,
샤또무주,https://smartstore.naver.com/chateau_muju,,,,,4021369317,
성진농가,https://smartstore.naver.com/sungjinnongga,,,,,4023793851,
아싸컴퍼니,https://smartstore.naver.com/assastoa,,,,,4035900513,
내변산 양조장,https://smartstore.naver.com/odwine,,,,,4040485567,
리얼업,https://smartstore.naver.com/realup,,,,,4052001162,
153케이크,https://smartstore.naver.com/153cake,,,,,4062201311,
경스테이블,https://smartstore.naver.com/kyung-stable,,,,,4072001227,
퍼스트마트,https://smartstore.naver.com/aj09,,,,,4081276594,
스위티라이스,https://smartstore.naver.com/sweetyrice,,,,,4082352749,
하하네상콤딸기,https://smartstore.naver.com/hahaberry,,,,,4085300215,
연안부두청년어시장,https://smartstore.naver.com/ymfm,,,,,4089415803,
슈퍼걸s,https://smartstore.naver.com/jalpada0435,,,,,4093660863,
통큰오리착한삼겹,https://smartstore.naver.com/bigduck_pig,,,,,4103032098,
초록수산,https://smartstore.naver.com/jeonju00,,,,,4109242202,
큰형네건강즙,https://smartstore.naver.com/ourbrother,,,,,4111356548,
평화가게,https://smartstore.naver.com/inabom,,,,,4130266274,
농부라더,https://smartstore.naver.com/nongbro,,,,,4140353901,
빛가을르빵,https://smartstore.naver.com/bitgael,,,,,4140823270,
오뚜기웰빙청과,https://smartstore.naver.com/namdo22,,,,,4169038264,
아맞다제주,https://smartstore.naver.com/bmsjeju,,,,,4180968844,
이오유통,https://smartstore.naver.com/eo_shop,,,,,4200601205,
플러스톡,https://smartstore.naver.com/rjsrkdcodna,,,,,4224000716,
니하오하요,https://smartstore.naver.com/nihaohayo,,,,,4224200495,
신기한꽃게 고가네장,https://smartstore.naver.com/singicrab,,,,,4231900942,
빌리언몰,https://smartstore.naver.com/billion-mall,,,,,4233100809,
페밀리케어,https://smartstore.naver.com/jnb_family,,,,,4250701930,
빵장군,https://smartstore.naver.com/goldlinee,,,,,4251200430,
태양사랑,https://smartstore.naver.com/ssaab1216,,,,,4271101438,
본핏,https://smartstore.naver.com/salgram1,,,,,4273900864,
휘카페캡슐,https://smartstore.naver.com/whicaffecapsule,,,,,4295000400,
바다산,https://smartstore.naver.com/badasan,,,,,4297600225,
그리놀라스,https://smartstore.naver.com/granola_s,,,,,4320102406,
숀리핏푸드다이어트,https://smartstore.naver.com/fitfooddiet,,,,,4320402203,
스탠스제이,https://smartstore.naver.com/yonia,,,,,4371001141,
아시아푸드몰,https://smartstore.naver.com/asiamart,,,,,4380800220,
일상기획소,https://smartstore.naver.com/design-your-life,,,,,4381401083,
한빛유통몰,https://smartstore.naver.com/hanbit99,,,,,4393000831,
헬스라이프케어,https://smartstore.naver.com/healthlifecare,,,,,4397000287,
미호뷰티,https://smartstore.naver.com/mio-beauty,,,,,4401201670,
HAP헬스엔팜,https://smartstore.naver.com/healthandpharm,,,,,4402201174,
파우즈 밀키트,https://smartstore.naver.com/pausemealkit,,,,,4404200644,
메이로드,https://smartstore.naver.com/mayroad,,,,,4434800193,
헬스어스,https://smartstore.naver.com/singledaddymall,,,,,4437800389,
마인드 솔루션,https://smartstore.naver.com/mindone,,,,,4496000418,
비컴후르츠,https://smartstore.naver.com/becomefruit,,,,,4499801439,
샘골마을,https://smartstore.naver.com/baejk2014,,,,,4510601631,
낙화생김,https://smartstore.naver.com/pyropia,,,,,4526100139,
캐리다,https://smartstore.naver.com/carrida,,,,,4532500546,
벌크업 미트,https://smartstore.naver.com/bulkupmeat,,,,,4569700799,
성주 무지개농장,https://smartstore.naver.com/rainbow159,,,,,4579401524,
하늘건강,https://smartstore.naver.com/sky4u,,,,,4640202429,
베리라이크13,https://smartstore.naver.com/berrylike13,,,,,4653400954,
에브리데이 샐러드,https://smartstore.naver.com/flowerway1,,,,,4680901299,
까사노르딕,https://smartstore.naver.com/ladyg,,,,,4710701200,
코스코스토어,https://smartstore.naver.com/coscomall,,,,,4715900398,
뉴질라이프,https://smartstore.naver.com/newzlife,,,,,4731000420,
miso컬리,https://smartstore.naver.com/misokurly,,,,,4733400799,
리얌,https://smartstore.naver.com/leeyam,,,,,4750101646,
써니스마트,https://smartstore.naver.com/your-pick,,,,,4751101719,
플레인베이글,https://smartstore.naver.com/plainbagel,,,,,4753400780,
냥그쿠키,https://smartstore.naver.com/nyangg,,,,,4770301646,
글로벌헬스,https://smartstore.naver.com/globalhealth,,,,,4780102023,
온더비프,https://smartstore.naver.com/onthebeef,,,,,4782701121,
원스라이프,https://smartstore.naver.com/merimeny,,,,,4787400204,
코코루다,https://smartstore.naver.com/agoodoldfriend,,,,,4820302462,
무배 마켓,https://smartstore.naver.com/mubemarket,,,,,4832701180,
종합윤율마켓,https://smartstore.naver.com/yoonyulmarket,,,,,4851701722,
강산주조 한산소곡주,https://smartstore.naver.com/gangsansogokju,,,,,4872800384,
겟잇뉴트리 영양제,https://smartstore.naver.com/getitbio,,,,,4874400860,
맛도리 마늘부각,https://smartstore.naver.com/dy_matdori,,,,,4880702191,
제주오라방,https://smartstore.naver.com/jdnj,,,,,4902601236,
이바네다냠냠,https://smartstore.naver.com/kmo2556,,,,,4922200477,
라온하람몰,https://smartstore.naver.com/silgak2320,,,,,4933200917,
투케이모션,https://smartstore.naver.com/2kmotion,,,,,4952200200,
구즈말레이시아,https://smartstore.naver.com/goodsmalaysia,,,,,4970902199,
미띤,https://smartstore.naver.com/methin,,,,,4994500744,
푸드리빙 쇼확행,https://smartstore.naver.com/hungshop,,,,,5011151196,
꽃님이푸드,https://smartstore.naver.com/best_jcmall,,,,,5011151196,
제이와이컴퍼,https://smartstore.naver.com/jycompan,,,,,5012733957,
미나문방구.com,https://smartstore.naver.com/sugarholic21,,,,,5022129361,
이과장몰,https://smartstore.naver.com/leemanager,,,,,5022943864,
평온한식탁,https://smartstore.naver.com/serene_table,,,,,5033263413,
심부름상회,https://smartstore.naver.com/errands,,,,,5041259267,
고향밀면,https://smartstore.naver.com/gjgh,,,,,5050242493,
고도리와이너리,https://smartstore.naver.com/godoriwinery,,,,,5051338675,
밀크몰111,https://smartstore.naver.com/milkmall111,,,,,5051493807,
하나수산,https://smartstore.naver.com/hana741111,,,,,5069194023,
에이스커피,https://smartstore.naver.com/acecoffee,,,,,5070552227,
가몽,https://smartstore.naver.com/onmydj,,,,,5077900429,
명인 안동소주,https://smartstore.naver.com/andongsojumall,,,,,5080595383,
무지개닷컴,https://smartstore.naver.com/rainbowdotcom,,,,,5081295421,
SW홀마켓,https://smartstore.naver.com/wholemarket1,,,,,5090938461,
프롬대디 FROMDADDY,https://smartstore.naver.com/from-daddy,,,,,5101123976,
울엄니김치,https://smartstore.naver.com/mykc,,,,,5103001181,
그램블링,https://smartstore.naver.com/grambling,,,,,5111801197,
해피시크릿,https://smartstore.naver.com/beauty-healthy,,,,,5112600951,
우진 디저트 갤러리,https://smartstore.naver.com/dessertgallry,,,,,5113500633,
소백산와인,https://smartstore.naver.com/sobaekwine,,,,,5120788978,
델디아씨푸드,https://smartstore.naver.com/mmecob,,,,,5121392513,
딩동마트,https://smartstore.naver.com/ding_dong_mart,,,,,5131315450,
산수원,https://smartstore.naver.com/sansuwon,,,,,5142305880,
코스트코17,https://smartstore.naver.com/costco17,,,,,5142359732,
the착한스토어,https://smartstore.naver.com/thechakhanstore,,,,,5153571654,
운성농원,https://smartstore.naver.com/aay,,,,,5159058970,
키프링크,https://smartstore.naver.com/kplink,,,,,5170201971,
십빵,https://smartstore.naver.com/theenergy,,,,,5204200561,
리틀앤유럽,https://smartstore.naver.com/little_and_europe,,,,,5204700794,
올리비도,https://smartstore.naver.com/olivido,,,,,5206000357,
. 제이에스 스토어.,https://smartstore.naver.com/onruni,,,,,5212401195,
퓨어오리진,https://smartstore.naver.com/naturalnz,,,,,5220300326,
비건요거트 요얼쓰,https://smartstore.naver.com/yo__earth,,,,,5233900842,
공드린707,https://smartstore.naver.com/gongdreen,,,,,5271101397,
소장라이브,https://smartstore.naver.com/sojanglive,,,,,5290302140,
땡초마녀,https://smartstore.naver.com/chiliwitch,,,,,5293600854,
백수네상회,https://smartstore.naver.com/pexustore,,,,,5296300336,
직구 다모아,https://smartstore.naver.com/jik9damoa,,,,,5311101343,
온두유,https://smartstore.naver.com/ondooyou,,,,,5373600331,
CITRUS,https://smartstore.naver.com/citrus_day,,,,,5373700736,
제이팔로,https://smartstore.naver.com/jfollow,,,,,5411301679,
디에스유럽,https://smartstore.naver.com/ds_europe,,,,,5421501579,
멍미스토어,https://smartstore.naver.com/mamuangkorea,,,,,5503900747,
팡팡엔젤,https://smartstore.naver.com/g_angel,,,,,5535800295,
데일리 프레시,https://smartstore.naver.com/d-fresh,,,,,5540401993,
주니시드니,https://smartstore.naver.com/junisydney,,,,,5572300539,
장터마켓,https://smartstore.naver.com/campmarket,,,,,5661801047,
배송의 민족,https://smartstore.naver.com/baemin59,,,,,5663700786,
슝직구,https://smartstore.naver.com/shung,,,,,5664000700,
한국돌반지거래소,https://smartstore.naver.com/jin_jewelry,,,,,1011275016,
에누리상회,https://smartstore.naver.com/mddn,,,,,1011606856,
아이쪼아,https://smartstore.naver.com/ijjoa,,,,,1011762554,
미니포켓,https://smartstore.naver.com/minipocket,,,,,1040935444,
dobbysi,https://smartstore.naver.com/dobbysi,,,,,1046800428,
체리뭉,https://smartstore.naver.com/cherrymoong,,,,,1053105527,
무쉬코리아,https://smartstore.naver.com/jejumom2,,,,,1061328591,
쁘띠유로,https://smartstore.naver.com/petiteuro,,,,,1061529838,
IDEAFOREST,https://smartstore.naver.com/ideaforest,,,,,1063850835,
시리날다셀프촬영소품대여,https://smartstore.naver.com/siri_nalda,,,,,1072585017,
오아이온다,https://smartstore.naver.com/oionda,,,,,1072593384,
브라보컴퍼니,https://smartstore.naver.com/bravocompany,,,,,1082030989,
너의생일,https://smartstore.naver.com/your_birthday,,,,,1092944591,
팀 토이,https://smartstore.naver.com/timtoy,,,,,1111164407,
관찰스쿨,https://smartstore.naver.com/ssandome,,,,,1131777313,
베베러버팜,https://smartstore.naver.com/bebelover,,,,,1131902344,
라라팡,https://smartstore.naver.com/lalapang,,,,,1132565336,
베베하루,https://smartstore.naver.com/bebeharu,,,,,1146200684,
알밤키즈,https://smartstore.naver.com/arikids,,,,,1162001239,
우리아기테이블,https://smartstore.naver.com/wooriagi_table,,,,,1201207329,
러빙베베,https://smartstore.naver.com/lovingbebe,,,,,1233782048,
아가몬,https://smartstore.naver.com/agamon,,,,,1233841758,
엔젤드레스샵,https://smartstore.naver.com/angeldressshop,,,,,1252463542,
본뉘베베,https://smartstore.naver.com/bonnenuitbebe,,,,,1562001300,
나풀키즈,https://smartstore.naver.com/napool,,,,,1570601516,
닥터직스,https://smartstore.naver.com/drzigs,,,,,2125100513,
베넌스,https://smartstore.naver.com/benense,,,,,1012012068,
다니앤수,https://smartstore.naver.com/dani-soo,,,,,1013555299,
최저다판,https://smartstore.naver.com/miniandmax,,,,,1013772652,
그림자,https://smartstore.naver.com/cia,,,,,1017500257,
숀키티,https://smartstore.naver.com/shaunkitty,,,,,1035500366,
손현주의집,https://smartstore.naver.com/joo231407,,,,,1040636175,
어썸블레어 컴퍼니,https://smartstore.naver.com/awesomeblair,,,,,1041099667,
레브로브,https://smartstore.naver.com/pilates_yj,,,,,1043020381,
데일리즈.,https://smartstore.naver.com/dailyz_,,,,,1047420861,
블리다 VLEEDA,https://smartstore.naver.com/vleeda,,,,,1052131050,
아울owl,https://smartstore.naver.com/owl-store,,,,,1060251572,
라이클리,https://smartstore.naver.com/likely,,,,,1061473638,
URBAN FIT,https://smartstore.naver.com/jand,,,,,1065600149,
애니ANY,https://smartstore.naver.com/anyanyany,,,,,1067800248,
담빛,https://smartstore.naver.com/damvit,,,,,1082085733,
해외직구 여기요,https://smartstore.naver.com/yeogiyo,,,,,1082126987,
아이엘엠,https://smartstore.naver.com/yourilm,,,,,1082351554,
한 스타일,https://smartstore.naver.com/hanstylecom,,,,,1082544848,
울바이울,https://smartstore.naver.com/woolbywool,,,,,1082662595,
흥미진진:,https://smartstore.naver.com/interesting_closet,,,,,1091915383,
빅 팡,https://smartstore.naver.com/shoppingbigpong,,,,,1093307308,
글로벌월드7749,https://smartstore.naver.com/globalworld7749,,,,,1095265653,
로아비드,https://smartstore.naver.com/loavid,,,,,1110401364,
마켓미블리,https://smartstore.naver.com/tmhb,,,,,1112577194,
레마진,https://smartstore.naver.com/remajean,,,,,1120386369,
디어웨어,https://smartstore.naver.com/dearwear,,,,,1121264523,
byy1n,https://smartstore.naver.com/byy1n,,,,,1123767066,
GRATIAE,https://smartstore.naver.com/iridescente,,,,,1134000544,
요미요미네,https://smartstore.naver.com/yomi_ne,,,,,1162615981,
롱디롱디,https://smartstore.naver.com/ylhada,,,,,1180769589,
멜로제이,https://smartstore.naver.com/meloj,,,,,1185900293,
대풍마켓,https://smartstore.naver.com/dpmarket,,,,,1210584525,
리아스타일,https://smartstore.naver.com/europecosmetics,,,,,1212279878,
벨로미:bellome,https://smartstore.naver.com/rebornb,,,,,1213891311,
엔젤리아,https://smartstore.naver.com/angellia,,,,,1221367451,
개봉상회,https://smartstore.naver.com/gaebongstore,,,,,1233736850,
gongam 공감,https://smartstore.naver.com/gongam,,,,,1247600257,
이달의 옷장,https://smartstore.naver.com/tmcloset,,,,,1503500777,
에델먼트,https://smartstore.naver.com/edelment,,,,,1563301028,
로디무어,https://smartstore.naver.com/lodimoore,,,,,2111774468,
브리즈87,https://smartstore.naver.com/breeze87,,,,,2237600082,
비버하우스,https://smartstore.naver.com/camelcactus,,,,,2712700157,
천재교육 공식 스토어,https://smartstore.naver.com/chunjaemall,,,,,1198119350,
리틀천재 스토어,https://smartstore.naver.com/littlechunjae,,,,,1198119350,
옥스포드리딩트리,https://smartstore.naver.com/ort,,,,,1208631290,
베스트비,https://smartstore.naver.com/best8060,,,,,1418137767,
아이북스,https://smartstore.naver.com/iebooks,,,,,7189600031,
래빗스쿨,https://smartstore.naver.com/rabbitterrace,,,,,8735600555,
블랜더보틀 코리아,https://smartstore.naver.com/blenderbottle,,,,,1208781778,
부산 헬스솔루션,https://smartstore.naver.com/hsolution21,,,,,4300901498,
대한민국농수산,https://smartstore.naver.com/koreasusan1,,,,,5059704855,